id,page,language,title,description,keywords,updatedAt
30001,home,zh-TW,Apolnus® 波那斯官方網站 | 重新定義生活的標準,"致力於打造頂級智慧家電,結合極致工藝與永續科技。Apolnus 為追求卓越的您,重新定義生活品質的最高標準。","Apolnus,波那斯,空氣清淨機推薦,空氣清淨機,除濕機.無耗材",2025-11-25 10:29:12
30002,home,zh-CN,Apolnus® 波那斯官方网站 | 重新定义生活的标准,致力于打造顶级智能家电，结合极致工艺与永续科技。Apolnus 为追求卓越的您，重新定义生活品质的最高标准。,"Apolnus,波那斯,空气净化器推荐,空气净化器,除湿机.无耗材",2025-11-24 21:57:00
30003,home,en,Apolnus® Official Website | Redefining the Standard of Living,"Committed to creating top-tier smart home appliances, combining ultimate craftsmanship with sustainable technology. Apolnus redefines the highest standard of living quality for those who pursue excellence.","Apolnus,波那斯,Air Purifier Recommendation,Air Purifier,Dehumidifier.No Consumables",2025-11-24 21:56:59
30004,home,ja,Apolnus® 公式ウェブサイト | 生活の基準を再定義する,最高のクラフトマンシップと持続可能な技術を融合させ、最高級のスマート家電の創造に専念しています。Apolnus は、卓越性を追求するお客様のために、生活の質の最高基準を再定義します。,"Apolnus,波那斯,空気清浄機のおすすめ,空気清浄機,除湿機.消耗品なし",2025-11-24 21:57:01
30005,home,ko,Apolnus® 공식 웹사이트 | 삶의 기준을 재정의합니다,최고의 장인 정신과 지속 가능한 기술을 결합하여 최고급 스마트 가전제품을 만드는 데 전념하고 있습니다. Apolnus는 탁월함을 추구하는 당신을 위해 삶의 질에 대한 최고 기준을 재정의합니다.,"Apolnus,波那斯,공기청정기 추천,공기청정기,제습기.소모품 없음",2025-11-24 21:57:03
30006,home,de,Apolnus® Offizielle Website | Den Lebensstandard neu definieren,"Wir widmen uns der Entwicklung von erstklassigen Smart Home Geräten, die ultimative Handwerkskunst mit nachhaltiger Technologie verbinden. Apolnus definiert den höchsten Standard der Lebensqualität für diejenigen neu, die nach Exzellenz streben.","Apolnus,波那斯,Empfehlung für Luftreiniger,Luftreiniger,Luftentfeuchter.Keine Verbrauchsmaterialien",2025-11-24 21:57:04
30007,home,fr,Apolnus® Site Officiel | Redéfinir le standard de vie,"Dédié à la création d'appareils électroménagers intelligents haut de gamme, alliant savoir-faire suprême et technologie durable. Apolnus redéfinit la norme la plus élevée de qualité de vie pour ceux qui recherchent l'excellence.","Apolnus,波那斯,Recommandation de purificateur d'air,Purificateur d'air,Déshumidificateur.Sans consommables",2025-11-24 21:57:05
30008,whereToBuy,zh-TW,購買通路 | Apolnus 空氣清淨機官方商城與授權經銷商,在 Apolnus 官方商城、momo購物網、PChome 24h 購物、蝦皮商城購買，或前往全台授權經銷商門市體驗。提供完整售後服務保障。,"購買,官方商城,經銷商,momo,PChome,蝦皮,Apolnus",2025-11-24 13:26:21
30009,whereToBuy,zh-CN,购买渠道 | Apolnus 空气净化器官方商城与授权经销商,在 Apolnus 官方商城、momo购物网、PChome 24h 购物、虾皮商城购买，或前往全台授权经销商门店体验。提供完整售后服务保障。,"购买, 官方商城, 经销商, momo, PChome, 虾皮, Apolnus",2025-11-24 21:57:22
30010,whereToBuy,en,Purchase Channels | Apolnus Air Purifier Official Store and Authorized Dealers,"Purchase from the official Apolnus online store, momo Shopping Network, PChome 24h Shopping, Shopee Mall, or visit authorized dealer locations nationwide for a hands-on experience. We provide a complete after-sales service guarantee.","Purchase, Official Store, Dealer, momo, PChome, Shopee, Apolnus",2025-11-24 21:57:21
30011,whereToBuy,ja,購入ルート | Apolnus 空気清浄機 公式ストアおよび認定ディーラー,Apolnus 公式オンラインストア、momo購物網、PChome 24h 購物、Shopee Mall でご購入いただくか、台湾全土の認定販売店にて体験いただけます。完全なアフターサービス保証を提供します。,"購買, 公式ストア, 販売店, momo, PChome, Shopee, Apolnus",2025-11-24 21:57:23
30012,whereToBuy,ko,구매 채널 | Apolnus 공기청정기 공식 쇼핑몰 및 공인 대리점,"Apolnus 공식 온라인 스토어, momo購物網, PChome 24h 購物, Shopee Mall에서 구매하시거나, 대만 전역의 공인 딜러 매장을 방문하여 체험해 보세요. 완벽한 애프터 서비스 보장을 제공합니다.","구매, 공식 스토어, 대리점, momo, PChome, Shopee, Apolnus",2025-11-24 21:57:24
30013,whereToBuy,de,Bezugsquellen | Offizieller Apolnus Luftreiniger-Shop und autorisierte Händler,"Kaufen Sie im offiziellen Apolnus Online-Shop, bei momo Shopping Network, PChome 24h Shopping, Shopee Mall oder besuchen Sie autorisierte Händlergeschäfte in ganz Taiwan, um die Produkte zu erleben. Wir bieten eine vollständige Garantie für den Kundendienst.","Kaufen, Offizieller Shop, Händler, momo, PChome, Shopee, Apolnus",2025-11-24 21:57:26
30014,whereToBuy,fr,Points de vente | Boutique officielle de purificateurs d'air Apolnus et revendeurs agréés,"Achetez sur la boutique en ligne officielle Apolnus, momo Shopping Network, PChome 24h Shopping, Shopee Mall, ou visitez les magasins de revendeurs agréés à travers Taïwan pour une expérience. Une garantie complète du service après-vente est fournie.","Achat, Boutique Officielle, Revendeur, momo, PChome, Shopee, Apolnus",2025-11-24 21:57:27
30015,serviceCenters,zh-TW,授權維修中心 | Apolnus 專業售後服務據點,查詢全台 Apolnus 授權維修中心，提供專業維修、保養、諮詢服務。快速定位您附近的服務據點，享受完善的售後保障。,"維修中心,售後服務,保養,維修,Apolnus",2025-11-24 13:26:22
30016,serviceCenters,zh-CN,授权维修中心 | Apolnus 专业售后服务据点,查询全台 Apolnus 授权维修中心，提供专业维修、保养、咨询服务。快速定位您附近的服 务据点，享受完善的售后保障。,"维修中心,售后服务,保养,维修,Apolnus",2025-11-24 21:57:42
30017,serviceCenters,en,Authorized Service Center | Apolnus Professional After-sales Service Location,"Find Apolnus Authorized Service Centers across Taiwan, offering professional repair, maintenance, and consultation services. Quickly locate service points near you and enjoy comprehensive after-sales support.","Service Center,After-sales Service,Maintenance,Repair,Apolnus",2025-11-24 21:57:41
30018,serviceCenters,ja,認定修理センター | Apolnus プロフェッショナルアフターサービス拠点,台湾全土のApolnus認定サービスセンターを検索し、専門的な修理、保守、相談サービスを提供します。お近くのサービス拠点を素早く特定し、万全のアフターサービスをご利用ください。,"サービスセンター,アフターサービス,メンテナンス,修理,Apolnus",2025-11-24 21:57:43
30019,serviceCenters,ko,공인 서비스 센터 | Apolnus 전문 애프터 서비스 지점,"대만 전역의 Apolnus 공인 서비스 센터를 찾아보세요. 전문적인 수리, 유지보수, 상담 서비스를 제공합니다. 가까운 서비스 지점을 빠르게 찾아 완벽한 애프터 서비스를 누리세요.","서비스 센터,애프터 서비스,유지 보수,수리,Apolnus",2025-11-24 21:57:44
30020,serviceCenters,de,Autorisiertes Service-Center | Apolnus Professionelle Kundendienststelle,"Suchen Sie nach autorisierten Apolnus Servicezentren in ganz Taiwan, die professionelle Reparatur-, Wartungs- und Beratungsdienste anbieten. Finden Sie schnell Servicestellen in Ihrer Nähe und genießen Sie umfassenden Kundendienst.","Service-Center,Kundendienst,Wartung,Reparatur,Apolnus",2025-11-24 21:57:45
30021,serviceCenters,fr,Centre de réparation agréé | Point de service après-vente professionnel Apolnus,"Recherchez les centres de service agréés Apolnus à travers Taïwan, offrant des services professionnels de réparation, d'entretien et de consultation. Localisez rapidement les points de service près de chez vous et bénéficiez d'une garantie après-vente complète.","Centre de service,Service après-vente,Entretien,Réparation,Apolnus",2025-11-24 21:57:46
30022,about,zh-TW,關於我們 | 想像創新，驅動未來 | Apolnus®,Apolnus 波那斯致力於將瘋狂的想像轉化為改變世界的創新。我們不妥協於現狀，堅持以最高標準的科技工藝，重新定義人類的生活品質。,"Apolnus,波那斯,關於我們,品牌故事,創新科技,智慧家電,企業願景",2025-11-24 13:26:24
30023,about,zh-CN,关于我们 | 想象创新，驱动未来 | Apolnus®,Apolnus 致力于将疯狂的想象转化为改变世界的创新。我们不妥协于现状，坚持以最高标准的科技工艺，重新定义人类的生活品质。,"Apolnus, 波那斯, 关于我们, 品牌故事, 创新科技, 智慧家电, 企业愿景",2025-11-24 21:58:07
30024,about,en,"About Us | Imagine Innovation, Drive the Future | Apolnus®","Apolnus is dedicated to transforming wild imagination into world-changing innovation. We do not compromise on the status quo, insisting on the highest standards of technological craftsmanship to redefine the quality of human life.","Apolnus, Bonas, About Us, Brand Story, Innovative Technology, Smart Appliances, Corporate Vision",2025-11-24 21:58:06
30025,about,ja,会社概要 | 想像力豊かな革新で、未来を駆動する | Apolnus®,Apolnus は、狂気的な想像を世界を変えるイノベーションへと変えることに尽力しています。私たちは現状に妥協せず、最高水準の技術工芸にこだわり、人類の生活の質を再定義します。,"Apolnus, ボナス, 会社概要, ブランドストーリー, 革新技術, スマート家電, 企業ビジョン",2025-11-24 21:58:08
30026,about,ko,"회사 소개 | 상상 혁신, 미래를 주도하다 | Apolnus®","Apolnus는 기발한 상상을 세상을 바꾸는 혁신으로 전환하는 데 전념하고 있습니다. 우리는 현상 유지에 타협하지 않으며, 최고 수준의 기술 장인 정신을 고수하여 인류의 삶의 질을 재정의합니다.","Apolnus, 보나스, 회사 소개, 브랜드 스토리, 혁신 기술, 스마트 가전, 기업 비전",2025-11-24 21:58:09
30027,about,de,"Über uns | Innovationen vorstellen, die Zukunft antreiben | Apolnus®","Apolnus widmet sich der Umwandlung kühner Vorstellungskraft in weltverändernde Innovationen. Wir gehen keine Kompromisse beim Status quo ein und bestehen auf den höchsten Standards technologischer Handwerkskunst, um die Lebensqualität der Menschheit neu zu definieren.","Apolnus, Bonas, Über uns, Markengeschichte, Innovative Technologie, Smarte Haushaltsgeräte, Unternehmensvision",2025-11-24 21:58:10
30028,about,fr,"À propos de nous | Imaginer l'innovation, propulser l'avenir | Apolnus®","Apolnus s'engage à transformer l'imagination la plus folle en innovation capable de changer le monde. Nous ne faisons aucun compromis avec le statu quo, insistant sur les normes les plus élevées de savoir-faire technologique pour redéfinir la qualité de vie humaine.","Apolnus, Bonas, À propos de nous, Histoire de la marque, Technologie innovante, Appareils électroménagers intelligents, Vision de l'entreprise",2025-11-24 21:58:11
30029,faq,zh-TW,常見問題 | 產品技術與使用指南 | Apolnus®,搜尋關於 Apolnus 全系列產品技術、保養維護、App 連線與帳號管理的詳細解答。我們隨時為您提供最專業的指引。,"Apolnus,常見問題,FAQ,產品疑問,技術支援,App連線,故障排除",2025-11-24 13:26:25
30030,faq,zh-CN,常见问题 | 产品技术与使用指南 | Apolnus®,搜索关于 Apolnus 全系列产品技术、保养维护、App 连接与账号管理的详细解答。我们随时为您提供最专业的指引。,"Apolnus, 常见问题, FAQ, 产品疑问, 技术支持, App连接, 故障排除",2025-11-24 13:26:26
30031,faq,en,FAQ | Product Technology & User Guide | Apolnus®,"Search for detailed answers regarding Apolnus full-range product technology, maintenance, App connectivity, and account management. We are always ready to provide you with the most professional guidance.","Apolnus, Frequently Asked Questions, FAQ, Product Questions, Technical Support, App Connectivity, Troubleshooting",2025-11-24 21:58:27
30032,faq,ja,よくある質問 | 製品技術と使用ガイド | Apolnus®,Apolnus全製品シリーズの技術、保守・メンテナンス、App接続、およびアカウント管理に関する詳細な回答を検索してください。私たちはいつでも最も専門的なガイダンスを提供いたします。,"Apolnus, よくある質問, FAQ, 製品に関するご質問, 技術サポート, アプリ接続, トラブルシューティング",2025-11-24 21:58:29
30033,faq,ko,자주 묻는 질문 | 제품 기술 및 사용 안내 | Apolnus®,"Apolnus 전 제품 기술, 유지 보수, 앱 연결 및 계정 관리에 대한 자세한 답변을 검색하세요. 저희는 언제든지 가장 전문적인 안내를 제공할 준비가 되어 있습니다.","Apolnus, 자주 묻는 질문, FAQ, 제품 문의, 기술 지원, 앱 연결, 문제 해결",2025-11-24 21:58:30
30034,faq,de,Häufig gestellte Fragen (FAQ) | Produkttechnologie und Benutzerhandbuch | Apolnus®,"Suchen Sie nach detaillierten Antworten zur Technologie der gesamten Apolnus Produktpalette, Wartung, App-Konnektivität und Kontoverwaltung. Wir sind jederzeit bereit, Ihnen die professionellste Anleitung zu geben.","Apolnus, Häufig gestellte Fragen, FAQ, Produktfragen, Technischer Support, App-Verbindung, Fehlerbehebung",2025-11-24 21:58:31
30035,faq,fr,Foire aux questions (FAQ) | Technologie du produit et guide d'utilisation | Apolnus®,"Recherchez des réponses détaillées concernant la technologie de la gamme complète de produits Apolnus, l'entretien, la connectivité de l'application et la gestion du compte. Nous sommes toujours prêts à vous fournir les conseils les plus professionnels.","Apolnus, Questions fréquentes, FAQ, Questions sur les produits, Support technique, Connexion à l'application, Dépannage",2025-11-24 21:58:32
30043,warrantyRegistration,zh-TW,產品保固登錄 | Apolnus 延長保固服務,線上登錄您的 Apolnus 產品保固資訊，延長保固期限，享受更完善的售後服務保障。簡單快速，保障您的權益。,"保固登錄,延長保固,產品註冊,售後服務,Apolnus",2025-11-24 13:26:28
30044,warrantyRegistration,zh-CN,产品保修登记 | Apolnus 延长保修服务,在线登录您的 Apolnus 产品保修信息，延长保修期限，享受更完善的售后服务保障。简单快速，保障您的权益。,"保修登记, 延长保修, 产品注册, 售后服务, Apolnus",2025-11-24 21:58:49
30045,warrantyRegistration,en,Product Warranty Registration | Apolnus Extended Warranty Service,"Register your Apolnus product warranty information online to extend the warranty period and enjoy more comprehensive after-sales service protection. Simple and fast, protecting your rights.","Warranty Registration, Extended Warranty, Product Registration, After-sales Service, Apolnus",2025-11-24 21:58:47
30046,warrantyRegistration,ja,製品保証登録 | Apolnus 延長保証サービス,Apolnus製品の保証情報をオンラインで登録し、保証期間を延長し、より充実したアフターサービス保証をお楽しみください。簡単かつ迅速に、お客様の権利を保護します。,"保証登録, 延長保証, 製品登録, アフターサービス, Apolnus",2025-11-24 21:58:50
30047,warrantyRegistration,ko,제품 보증 등록 | Apolnus 연장 보증 서비스,"온라인으로 Apolnus 제품 보증 정보를 등록하여 보증 기간을 연장하고, 더욱 완벽한 애프터 서비스 보호를 누리세요. 간단하고 신속하게 귀하의 권리를 보장합니다.","보증 등록, 보증 연장, 제품 등록, 애프터 서비스, Apolnus",2025-11-24 21:58:51
30048,warrantyRegistration,de,Produktgarantieregistrierung | Apolnus Garantieverlängerungsservice,"Registrieren Sie Ihre Apolnus Produktgarantieinformationen online, um die Garantiezeit zu verlängern und umfassenderen Kundendienstschutz zu genießen. Einfach und schnell, um Ihre Rechte zu sichern.","Garantieregistrierung, Garantieverlängerung, Produktregistrierung, Kundendienst, Apolnus",2025-11-24 21:58:52
30049,warrantyRegistration,fr,Enregistrement de la garantie du produit | Service de garantie prolongée Apolnus,"Enregistrez en ligne les informations de garantie de votre produit Apolnus pour prolonger la période de garantie et bénéficier d'une protection de service après-vente plus complète. Simple et rapide, cela protège vos droits.","Enregistrement de la garantie, Extension de garantie, Enregistrement du produit, Service après-vente, Apolnus",2025-11-24 21:58:53
30050,support,zh-TW,服務與支援 | 全方位客戶關懷中心 | Apolnus®,Apolnus 專屬支援中心。提供產品註冊、技術諮詢、線上報修與聯絡客服服務，致力於為您提供無微不至的頂級服務體驗。,"Apolnus,客戶服務,技術支援,聯絡我們,線上客服,產品支援,售後服務",2025-11-24 13:26:30
30051,support,zh-CN,服务与支持 | 全方位客户关怀中心 | Apolnus®,Apolnus 专属支持中心。提供产品注册、技术咨询、在线报修与联系客服服务，致力于为您提供无微不至的顶级服务体验。,"Apolnus,客户服务,技术支持,联系我们,在线客服,产品支持,售后服务",2025-11-24 21:59:10
30052,support,en,Service and Support | Comprehensive Customer Care Center | Apolnus®,"Apolnus Exclusive Support Center. We offer product registration, technical consultation, online repair requests, and customer service contact, dedicated to providing you with a meticulous, top-tier service experience.","Apolnus,Customer Service,Technical Support,Contact Us,Online Customer Service,Product Support,After-sales Service",2025-11-24 21:59:09
30053,support,ja,サービスとサポート | 総合的なお客様ケアセンター | Apolnus®,Apolnus 専用サポートセンター。製品登録、技術相談、オンライン修理受付、およびカスタマーサービスへの連絡を提供し、細部にわたる最高級のサービス体験をお届けすることに尽力しています。,"Apolnus,お客様サービス,技術サポート,お問い合わせ,オンラインチャット,製品サポート,アフターサービス",2025-11-24 21:59:11
30054,support,ko,서비스 및 지원 | 종합 고객 관리 센터 | Apolnus®,"Apolnus 전용 지원 센터. 제품 등록, 기술 상담, 온라인 수리 요청 및 고객 서비스 연락을 제공하며, 고객님께 세심한 최고 수준의 서비스 경험을 제공하기 위해 노력하고 있습니다.","Apolnus,고객 서비스,기술 지원,문의하기,온라인 상담,제품 지원,애프터 서비스",2025-11-24 21:59:12
30055,support,de,Service und Support | Umfassendes Kundendienstzentrum | Apolnus®,"Apolnus Exklusives Support-Center. Wir bieten Produktregistrierung, technische Beratung, Online-Reparaturanfragen und Kundendienstkontakt an, um Ihnen ein sorgfältiges, erstklassiges Serviceerlebnis zu bieten.","Apolnus,Kundendienst,Technischer Support,Kontakt,Online-Kundenservice,Produktsupport,Service nach dem Kauf",2025-11-24 21:59:13
30056,support,fr,Service et assistance | Centre d'assistance client complet | Apolnus®,"Centre d'assistance exclusif Apolnus. Nous proposons l'enregistrement de produits, la consultation technique, les demandes de réparation en ligne et le contact avec le service client, nous engageant à vous offrir une expérience de service méticuleuse et haut de gamme.","Apolnus,Service client,Support technique,Nous contacter,Service client en ligne,Support produit,Service après-vente",2025-11-24 21:59:14
30057,partnerProgram,zh-TW,合作夥伴計畫 | 加入 Apolnus 經銷體系,成為 Apolnus 授權經銷商或合作夥伴，共同推廣創新空氣清淨技術。提供完整的經銷支援、行銷資源與培訓計畫。,"合作夥伴,經銷商,加盟,代理,Apolnus",2025-11-24 13:26:32
30058,partnerProgram,zh-CN,合作伙伴计划 | 加入 Apolnus 经销体系,成为 Apolnus 授权经销商或合作伙伴，共同推广创新空气净化技术。提供完整的经销支持、营销资源与培训计划。,"合作伙伴, 经销商, 加盟, 代理, Apolnus",2025-11-24 21:59:31
30059,partnerProgram,en,Partner Program | Join the Apolnus Distribution Network,"Become an authorized dealer or partner of Apolnus to jointly promote innovative air purification technology. We provide comprehensive dealer support, marketing resources, and training programs.","Partner, Distributor, Franchise, Agency, Apolnus",2025-11-24 21:59:29
30060,partnerProgram,ja,パートナープログラム | Apolnus 販売網に参加する,Apolnus の認定ディーラーまたはパートナーとなり、革新的な空気清浄技術を共に推進しませんか。包括的なディーラーサポート、マーケティングリソース、およびトレーニングプログラムを提供します。,"パートナー, ディーラー, フランチャイズ, 代理店, Apolnus",2025-11-24 21:59:32
30061,partnerProgram,ko,파트너 프로그램 | Apolnus 유통 시스템 참여,"Apolnus의 공식 딜러 또는 파트너가 되어 혁신적인 공기 청정 기술을 공동으로 홍보하십시오. 포괄적인 딜러 지원, 마케팅 자료 및 교육 프로그램을 제공합니다.","파트너, 대리점, 가맹, 에이전시, Apolnus",2025-11-24 21:59:33
30062,partnerProgram,de,Partnerprogramm | Treten Sie dem Apolnus Vertriebsnetz bei,"Werden Sie ein autorisierter Händler oder Partner von Apolnus, um gemeinsam innovative Luftreinigungstechnologie zu fördern. Wir bieten umfassende Händlerunterstützung, Marketingressourcen und Schulungsprogramme.","Partner, Händler, Franchise, Vertretung, Apolnus",2025-11-24 21:59:34
30063,partnerProgram,fr,Programme Partenaire | Rejoignez le réseau de distribution Apolnus,"Devenez un revendeur agréé ou un partenaire d'Apolnus pour promouvoir conjointement la technologie innovante de purification de l'air. Nous offrons un soutien complet aux revendeurs, des ressources marketing et des programmes de formation.","Partenaire, Distributeur, Franchise, Agence, Apolnus",2025-11-24 21:59:35
30064,careers,zh-TW,招聘精英 | 加入我們，與世界對話 | Apolnus®,探索 Apolnus 的職涯機會。這不僅是一份工作，更是與頂尖人才共同挑戰極限、創造世界現象的舞台。尋找對科技與美學充滿熱情的你。,"Apolnus,人才招聘,職涯機會,加入我們,科技業工作,研發工程師,行銷人才",2025-11-24 13:26:33
30065,careers,zh-CN,招聘精英 | 加入我们，与世界对话 | Apolnus®,探索 Apolnus 的职业机会。这不仅仅是一份工作，更是与顶尖人才共同挑战极限、创造世界现象的舞台。寻找对科技与美学充满热情的你。,"Apolnus, 人才招聘, 职业机会, 加入我们, 科技行业工作, 研发工程师, 营销人才",2025-11-24 21:59:53
30066,careers,en,Hiring Top Talent | Join Us and Engage with the World | Apolnus®,Explore career opportunities at Apolnus. This is more than just a job; it's a stage for challenging limits and creating global phenomena alongside top talent. We are looking for you—someone passionate about technology and aesthetics.,"Apolnus, Talent Recruitment, Career Opportunities, Join Us, Tech Industry Jobs, R&D Engineer, Marketing Talent",2025-11-24 21:59:52
30067,careers,ja,エリート採用 | 私たちに参加し、世界と対話しましょう | Apolnus®,Apolnus のキャリア機会を探る。これは単なる仕事ではなく、最高の才能を持つ人々と共に限界に挑戦し、世界的な現象を生み出す舞台です。テクノロジーと美学に情熱を持つあなたを求めています。,"Apolnus, 人材募集, キャリア機会, 採用情報, テクノロジー業界の仕事, 研究開発エンジニア, マーケティング人材",2025-11-24 21:59:54
30068,careers,ko,최고 인재 채용 | 우리와 함께 세계와 소통하세요 | Apolnus®,"Apolnus의 경력 기회를 탐색하십시오. 이것은 단순한 직업이 아니라, 최고의 인재들과 함께 한계에 도전하고 세계적인 현상을 창조하는 무대입니다. 기술과 미학에 열정을 가진 당신을 찾습니다.","Apolnus, 인재 채용, 경력 기회, 저희와 함께하세요, 기술 산업 직무, R&D 엔지니어, 마케팅 인재",2025-11-24 21:59:55
30069,careers,de,Top-Talente gesucht | Treten Sie uns bei und sprechen Sie mit der Welt | Apolnus®,"Entdecken Sie Karrieremöglichkeiten bei Apolnus. Dies ist mehr als nur ein Job; es ist eine Bühne, um gemeinsam mit Spitzentalenten Grenzen zu überschreiten und globale Phänomene zu schaffen. Wir suchen Sie – jemanden mit Leidenschaft für Technologie und Ästhetik.","Apolnus, Personalbeschaffung, Karrierechancen, Werden Sie Teil von uns, Stellen in der Technologiebranche, F&E-Ingenieur, Marketingfachkräfte",2025-11-24 21:59:56
30070,careers,fr,Recrutement d'élites | Rejoignez-nous et dialoguez avec le monde | Apolnus®,Explorez les opportunités de carrière chez Apolnus. C'est plus qu'un simple emploi ; c'est une scène pour défier les limites et créer des phénomènes mondiaux aux côtés des meilleurs talents. Nous recherchons des personnes passionnées par la technologie et l'esthétique.,"Apolnus, Recrutement de talents, Opportunités de carrière, Rejoignez-nous, Emplois dans l'industrie technologique, Ingénieur R&D, Talents en marketing",2025-11-24 21:59:57
30071,privacy,zh-TW,隱私權政策 | Apolnus 個人資料保護聲明,Apolnus 重視您的隱私權，詳細說明我們如何收集、使用、保護您的個人資料，以及您的相關權利。,"隱私權政策,個人資料保護,資料安全,GDPR,Apolnus",2025-11-24 13:26:35
30072,privacy,zh-CN,隐私权政策 | Apolnus 个人资料保护声明,Apolnus 重视您的隐私权，详细说明我们如何收集、使用、保护您的个人资料，以及您的相关权利。,"隐私政策, 个人数据保护, 数据安全, GDPR, Apolnus",2025-11-24 22:00:10
30073,privacy,en,Privacy Policy | Apolnus Personal Data Protection Statement,"Apolnus values your privacy and details how we collect, use, and protect your personal data, as well as your related rights.","Privacy Policy, Personal Data Protection, Data Security, GDPR, Apolnus",2025-11-24 22:00:09
30074,privacy,ja,プライバシーポリシー | Apolnus 個人情報保護声明,Apolnus はお客様のプライバシーを重視し、個人データの収集、使用、保護の方法、およびお客様の関連する権利について詳しく説明します。,"プライバシーポリシー, 個人情報保護, データセキュリティ, GDPR, Apolnus",2025-11-24 22:00:11
30075,privacy,ko,개인정보 처리방침 | Apolnus 개인정보 보호 성명,"Apolnus는 귀하의 개인 정보 보호를 중요하게 생각하며, 당사가 귀하의 개인 데이터를 수집, 사용 및 보호하는 방법과 귀하의 관련 권리에 대해 자세히 설명합니다.","개인정보 보호정책, 개인정보 보호, 데이터 보안, GDPR, Apolnus",2025-11-24 22:00:14
30076,privacy,de,Datenschutzrichtlinie | Apolnus Erklärung zum Schutz personenbezogener Daten,"Apolnus legt Wert auf Ihre Privatsphäre und erläutert detailliert, wie wir Ihre personenbezogenen Daten erfassen, verwenden und schützen, sowie Ihre diesbezüglichen Rechte.","Datenschutzrichtlinie, Schutz personenbezogener Daten, Datensicherheit, GDPR, Apolnus",2025-11-24 22:00:15
30077,privacy,fr,Politique de confidentialité | Déclaration d'Apolnus sur la protection des données personnelles,"Apolnus accorde de l'importance à votre vie privée et détaille la manière dont nous collectons, utilisons et protégeons vos données personnelles, ainsi que vos droits y afférents.","Politique de confidentialité, Protection des données personnelles, Sécurité des données, GDPR, Apolnus",2025-11-24 22:00:16
30078,terms,zh-TW,使用條款 | Apolnus 服務條款與使用規範,Apolnus 網站與服務使用條款，詳細說明使用者權利義務、服務範圍、免責聲明等重要資訊。,"使用條款,服務條款,使用規範,法律聲明,Apolnus",2025-11-24 13:26:36
30079,terms,zh-CN,使用条款 | Apolnus 服务条款与使用规范,Apolnus 网站与服务使用条款，详细说明用户权利义务、服务范围、免责声明等重要信息。,"使用条款, 服务条款, 使用规范, 法律声明, Apolnus",2025-11-24 22:00:31
30080,terms,en,Terms of Use | Apolnus Terms of Service and Usage Guidelines,"Apolnus Website and Service Terms of Use, detailing important information such as user rights and obligations, scope of services, and disclaimers.","Terms of Use, Terms of Service, Usage Guidelines, Legal Notice, Apolnus",2025-11-24 22:00:30
30081,terms,ja,利用規約 | Apolnus サービス規約と利用規範,Apolnus ウェブサイトおよびサービス利用規約。ユーザーの権利と義務、サービス範囲、免責事項などの重要な情報が詳述されています。,"利用規約, サービス規約, 利用規定, 法的声明, Apolnus",2025-11-24 22:00:32
30082,terms,ko,이용 약관 | Apolnus 서비스 약관 및 사용 규정,"Apolnus 웹사이트 및 서비스 이용 약관은 사용자 권리 및 의무, 서비스 범위, 면책 조항 등 중요한 정보를 상세히 설명합니다.","이용 약관, 서비스 약관, 사용 지침, 법적 고지, Apolnus",2025-11-24 22:00:33
30083,terms,de,Nutzungsbedingungen | Apolnus Allgemeine Geschäftsbedingungen und Nutzungsrichtlinien,"Apolnus Website- und Dienstleistungsnutzungsbedingungen, in denen wichtige Informationen wie Benutzerrechte und -pflichten, Leistungsumfang und Haftungsausschlüsse detailliert beschrieben werden.","Nutzungsbedingungen, Dienstleistungsbedingungen, Nutzungsrichtlinien, Rechtliche Hinweise, Apolnus",2025-11-24 22:00:34
30084,terms,fr,Conditions d'utilisation | Apolnus Conditions de service et règles d'utilisation,"Conditions d'utilisation du site Web et des services Apolnus, détaillant des informations importantes telles que les droits et obligations de l'utilisateur, l'étendue des services et les clauses de non-responsabilité.","Conditions d'utilisation, Conditions générales de service, Règles d'utilisation, Mentions légales, Apolnus",2025-11-24 22:00:35
30085,notFound,zh-TW,找不到頁面 | Apolnus,抱歉，您訪問的頁面不存在。返回首頁或使用導覽列尋找您需要的內容。,"404,找不到頁面,Apolnus",2025-11-24 13:26:38
30086,notFound,zh-CN,找不到页面 | Apolnus,抱歉，您访问的页面不存在。返回首页或使用导航栏查找您需要的内容。,"404, 找不到页面, Apolnus",2025-11-24 22:00:49
30087,notFound,en,Page Not Found | Apolnus,"We apologize, the page you requested does not exist. Please return to the homepage or use the navigation bar to find the content you need.","404, Page Not Found, Apolnus",2025-11-24 22:00:48
30088,notFound,ja,ページが見つかりません | Apolnus,申し訳ございません。アクセスされたページは存在しません。トップページに戻るか、ナビゲーションバーを使用して必要なコンテンツをお探しください。,"404, ページが見つかりません, Apolnus",2025-11-24 22:00:50
30089,notFound,ko,페이지를 찾을 수 없습니다 | Apolnus,죄송합니다. 고객님이 방문하신 페이지는 존재하지 않습니다. 홈으로 돌아가거나 내비게이션 바를 사용하여 필요한 콘텐츠를 찾아보세요.,"404, 페이지를 찾을 수 없습니다, Apolnus",2025-11-24 22:00:51
30090,notFound,de,Seite nicht gefunden | Apolnus,"Entschuldigung, die von Ihnen aufgerufene Seite existiert nicht. Kehren Sie zur Startseite zurück oder verwenden Sie die Navigationsleiste, um die benötigten Inhalte zu finden.","404, Seite nicht gefunden, Apolnus",2025-11-24 22:00:52
30091,notFound,fr,Page introuvable | Apolnus,"Nous sommes désolés, la page que vous avez consultée n'existe pas. Veuillez retourner à la page d'accueil ou utiliser la barre de navigation pour trouver le contenu dont vous avez besoin.","404, Page introuvable, Apolnus",2025-11-24 22:00:53
30092,product-one-x,zh-TW,Apolnus One X | 永續循環科技的極致演繹 | Apolnus®,突破傳統家電限制，One X 以專利 TPA 技術實現終身免耗材。結合美學設計與環保理念，為您的空間注入純淨與質感，重新定義潔淨標準。,"Apolnus,One X,空氣清淨機,無耗材,TPA技術,環保家電,頂級清淨機,設計美學",2025-11-24 13:26:39
30093,product-one-x-specs,zh-TW,One X 技術規格 | 頂級效能數據詳解 | Apolnus®,深入了解 One X 的核心參數。從 CADR 值、噪音分貝到 TPA 離子場數據，以透明、精確的規格展現真正的技術實力。,"Apolnus,One X,規格表,CADR,噪音值,TPA參數,功耗,產品尺寸",2025-11-24 13:26:40
30094,product-one-x-downloads,zh-TW,One X 下載中心 | 使用手冊與韌體更新 | Apolnus®,獲取 One X 完整支援資源。下載最新版產品說明書、快速入門指南及相關驅動程式，確保您的設備隨時保持最佳狀態。,"Apolnus,One X,下載,使用手冊,說明書,韌體更新,驅動程式",2025-11-24 13:26:40
30095,product-one-x-faq,zh-TW,One X 產品問答 | 專業使用與保養指南 | Apolnus®,針對 One X 用戶的專屬解答。涵蓋清洗保養、故障排除與日常操作技巧，讓您輕鬆掌握無耗材清淨機的使用訣竅。,"Apolnus,One X,常見問題,故障排除,清洗濾網,保養教學,使用指南",2025-11-24 13:26:40
30096,where-to-buy,zh-TW,購買通路 | 官方商城與授權據點 | Apolnus®,查詢 Apolnus 官方線上商城與全球授權經銷據點。選擇原廠認證通路，享受最完整的保固服務與專業產品諮詢。,"Apolnus,購買通路,官方商城,授權經銷商,實體門市,哪裡買,線上購物",2025-11-24 13:26:40
30097,service-centers,zh-TW,授權維修中心 | 原廠專業技術支援 | Apolnus®,查詢全台 Apolnus 授權維修服務網絡。我們提供原廠標準的檢測與維護服務，確保您的產品獲得最專業的照顧與長久保障。,"Apolnus,維修中心,售後服務,產品維修,技術支援,原廠檢測,維修據點",2025-11-24 13:26:41
30099,support-ticket,zh-TW,提交客服工單 | 線上技術支援申請 | Apolnus®,遇到問題？請填寫線上工單，詳細描述您的需求。Apolnus 專業技術團隊將會盡速分析並為您提供解決方案。,"Apolnus,客服工單,線上報修,問題回報,技術諮詢,售後申請",2025-11-24 13:26:41
30101,partner-program,zh-TW,全球合作夥伴計畫 | 共創商業價值 | Apolnus®,加入 Apolnus 全球經銷體系。我們尋求志同道合的企業夥伴，共同推廣具備前瞻性的智慧家電科技，開創無限商機與未來。,"Apolnus,合作夥伴,經銷商申請,代理商,商業合作,B2B,全球經銷",2025-11-24 13:26:41
30102,privacy-policy,zh-TW,隱私權政策 | 數位隱私保護聲明 | Apolnus®,Apolnus 高度重視您的數位隱私權。了解我們如何以最高安全標準收集、使用、儲存與保護您的個人資料，讓您安心使用我們的服務。,"Apolnus,隱私權政策,個資保護,數據安全,隱私聲明,使用者權益",2025-11-24 13:26:42
30103,terms-of-use,zh-TW,使用條款 | 官方數位服務協議 | Apolnus®,詳閱 Apolnus 官方網站使用條款與服務協議。了解您在使用本網站及相關數位服務時的權利與義務，確保雙方權益。,"Apolnus,使用條款,服務協議,法律聲明,網站規範,用戶條款",2025-11-24 13:26:42
30104,product-one-x,en,Apolnus One X | The Ultimate Embodiment of Sustainable Circular Technology | Apolnus®,"Breaking the limitations of traditional home appliances, One X achieves lifetime consumable-free operation using patented TPA technology. Combining aesthetic design and environmental principles, it injects purity and quality into your space, redefining the standard of cleanliness.","Apolnus,One X,Air Purifier,Filterless,TPA Technology,Eco-friendly Appliance,Premium Air Purifier,Design Aesthetics",2025-11-24 22:01:14
30105,product-one-x,zh-CN,Apolnus One X | 永续循环科技的极致演绎 | Apolnus®,突破传统家电限制，One X 以专利 TPA 技术实现终身免耗材。结合美学设计与环保理念，为您的空间注入纯净与质感，重新定义洁净标准。,"Apolnus,One X,空气净化器,无耗材,TPA技术,环保家电,顶级空气净化器,设计美学",2025-11-24 22:01:15
30106,product-one-x,ja,Apolnus One X | 持続可能な循環技術の究極の表現 | Apolnus®,従来の家電の制限を打ち破り、One Xは特許取得済みのTPA技術により、消耗品を一生涯不要にしました。美しいデザインと環境理念を融合させ、お客様の空間に純粋さと質感を注入し、清潔さの基準を再定義します。,"Apolnus,One X,空気清浄機,無消耗品,TPA技術,環境に優しい家電,プレミアム空気清浄機,デザイン美学",2025-11-24 22:01:16
30107,product-one-x,ko,Apolnus One X | 지속 가능한 순환 기술의 궁극적인 구현 | Apolnus®,"기존 가전제품의 한계를 넘어선 One X는 특허받은 TPA 기술로 평생 소모품 교체 없이 사용할 수 있습니다. 미적 디자인과 친환경 이념을 결합하여, 고객님의 공간에 순수함과 고급스러움을 더하고 청결의 기준을 재정의합니다.","Apolnus,One X,공기청정기,무필터,TPA 기술,친환경 가전,프리미엄 공기청정기,디자인 미학",2025-11-24 22:01:17
30108,product-one-x,de,Apolnus One X | Die ultimative Interpretation nachhaltiger Kreislauftechnologie | Apolnus®,One X durchbricht die Grenzen traditioneller Haushaltsgeräte und ermöglicht dank der patentierten TPA-Technologie eine lebenslange Nutzung ohne Verbrauchsmaterialien. Durch die Kombination von ästhetischem Design und Umweltbewusstsein verleiht es Ihrem Raum Reinheit und Qualität und definiert den Standard der Sauberkeit neu.,"Apolnus,One X,Luftreiniger,Filterlos,TPA-Technologie,Umweltfreundliches Haushaltsgerät,Premium-Luftreiniger,Design-Ästhetik",2025-11-24 22:01:18
30109,product-one-x,fr,Apolnus One X | L'incarnation ultime de la technologie circulaire durable | Apolnus®,"Dépassant les limites des appareils ménagers traditionnels, One X permet une utilisation à vie sans consommables grâce à sa technologie TPA brevetée. Alliant design esthétique et philosophie écologique, il insuffle pureté et raffinement à votre espace, redéfinissant ainsi la norme de propreté.","Apolnus,One X,Purificateur d'air,Sans consommables,Technologie TPA,Appareil électroménager écologique,Purificateur d'air haut de gamme,Esthétique du design",2025-11-24 22:01:19
30110,product-one-x-specs,en,One X Technical Specifications | Detailed Premium Performance Data | Apolnus®,"Dive deep into the core parameters of the One X. From CADR values and noise decibels to TPA ion field data, we showcase true technical strength through transparent and precise specifications.","Apolnus,One X,Specification Sheet,CADR,Noise Level,TPA Parameters,Power Consumption,Product Dimensions",2025-11-24 22:01:35
30111,product-one-x-specs,zh-CN,One X 技术规格 | 顶级性能数据详解 | Apolnus®,深入了解 One X 的核心参数。从 CADR 值、噪音分贝到 TPA 离子场数据，以透明、精确的规格展现真正的技术实力。,"Apolnus,One X,规格表,CADR,噪音值,TPA参数,功耗,产品尺寸",2025-11-24 22:01:36
30112,product-one-x-specs,ja,One X 技術仕様 | 頂点性能データの詳細解説 | Apolnus®,One X のコアパラメーターを深く掘り下げます。CADR値、騒音デシベルからTPAイオンフィールドデータまで、透明かつ正確な仕様で真の技術力を示します。,"Apolnus,One X,規格表,CADR,騒音値,TPAパラメータ,消費電力,製品寸法",2025-11-24 22:01:38
30113,product-one-x-specs,ko,One X 기술 사양 | 최고 성능 데이터 상세 설명 | Apolnus®,"One X의 핵심 매개변수를 자세히 살펴보십시오. CADR 값, 소음 데시벨부터 TPA 이온 필드 데이터까지, 투명하고 정확한 사양을 통해 진정한 기술력을 보여줍니다.","Apolnus,One X,사양표,CADR,소음 수준,TPA 매개변수,소비 전력,제품 크기",2025-11-24 22:01:39
30114,product-one-x-specs,de,One X Technische Daten | Detaillierte Leistungsdaten-Analyse | Apolnus®,Tauchen Sie tief in die Kernparameter des One X ein. Von CADR-Werten und Lärmpegeln (Dezibel) bis hin zu TPA-Ionenfelddaten zeigen wir wahre technische Stärke durch transparente und präzise Spezifikationen.,"Apolnus,One X,Spezifikationstabelle,CADR,Geräuschpegel,TPA-Parameter,Stromverbrauch,Produktabmessungen",2025-11-24 22:01:40
30115,product-one-x-specs,fr,One X Spécifications techniques | Détails des données de performance premium | Apolnus®,"Plongez au cœur des paramètres fondamentaux du One X. Des valeurs CADR et des décibels de bruit aux données du champ ionique TPA, nous démontrons une véritable prouesse technique grâce à des spécifications transparentes et précises.","Apolnus,One X,Fiche technique,CADR,Niveau sonore,Paramètres TPA,Consommation électrique,Dimensions du produit",2025-11-24 22:01:41
30116,product-one-x-downloads,en,One X Download Center | User Manuals and Firmware Updates | Apolnus®,"Access full support resources for One X. Download the latest product manual, quick start guide, and relevant drivers to ensure your device always remains in optimal condition.","Apolnus, One X, Download, User Manual, Instruction Manual, Firmware Update, Driver",2025-11-24 22:01:56
30117,product-one-x-downloads,zh-CN,One X 下载中心 | 使用手册与固件更新 | Apolnus®,获取 One X 完整支持资源。下载最新版产品说明书、快速入门指南及相关驱动程序，确保您的设备随时保持最佳状态。,"Apolnus, One X, 下载, 使用手册, 说明书, 固件更新, 驱动程序",2025-11-24 22:01:57
30118,product-one-x-downloads,ja,One X ダウンロードセンター | ユーザーマニュアルとファームウェアの更新 | Apolnus®,One X の完全なサポートリソースを入手してください。最新版の製品マニュアル、クイックスタートガイド、および関連ドライバーをダウンロードして、デバイスを常に最適な状態に保ちます。,"Apolnus, One X, ダウンロード, ユーザーマニュアル, 取扱説明書, ファームウェア更新, ドライバー",2025-11-24 22:01:58
30119,product-one-x-downloads,ko,One X 다운로드 센터 | 사용 설명서 및 펌웨어 업데이트 | Apolnus®,"One X 전체 지원 리소스를 이용하십시오. 최신 제품 설명서, 빠른 시작 가이드 및 관련 드라이버를 다운로드하여 장치가 항상 최적의 상태를 유지하도록 하십시오.","Apolnus, One X, 다운로드, 사용자 설명서, 사용 설명서, 펌웨어 업데이트, 드라이버",2025-11-24 22:01:59
30120,product-one-x-downloads,de,One X Download-Center | Benutzerhandbücher und Firmware-Updates | Apolnus®,"Erhalten Sie vollen Support für One X. Laden Sie die neueste Produktanleitung, Kurzanleitung und zugehörige Treiber herunter, um sicherzustellen, dass Ihr Gerät jederzeit im optimalen Zustand bleibt.","Apolnus, One X, Download, Benutzerhandbuch, Bedienungsanleitung, Firmware-Update, Treiber",2025-11-24 22:02:00
30121,product-one-x-downloads,fr,Centre de téléchargement One X | Manuels d'utilisation et mises à jour du micrologiciel | Apolnus®,"Accédez aux ressources d'assistance complètes pour One X. Téléchargez la dernière version du manuel du produit, du guide de démarrage rapide et des pilotes associés pour garantir que votre appareil reste toujours dans un état optimal.","Apolnus, One X, Téléchargement, Manuel de l'utilisateur, Instructions, Mise à jour du firmware, Pilote",2025-11-24 22:02:01
30122,product-one-x-faq,en,One X Product Q&A | Professional Use and Maintenance Guide | Apolnus®,"Exclusive Solutions for One X Users. Covering cleaning and maintenance, troubleshooting, and daily operation tips, enabling you to easily master the usage essentials of your filterless air purifier.","Apolnus,One X,FAQ,Troubleshooting,Cleaning the Filter,Maintenance Tutorial,User Guide",2025-11-24 22:02:17
30123,product-one-x-faq,zh-CN,One X 产品问答 | 专业使用与保养指南 | Apolnus®,针对 One X 用户的专属解答。涵盖清洗保养、故障排除与日常操作技巧，让您轻松掌握无耗材清净机的使用诀窍。,"Apolnus,One X,常见问题,故障排除,清洗滤网,保养教程,使用指南",2025-11-24 22:02:18
30124,product-one-x-faq,ja,One X 製品Q&A | プロフェッショナルな使用とメンテナンスガイド | Apolnus®,One Xユーザー様専用のソリューション。清掃・メンテナンス、トラブルシューティング、日常の操作テクニックを網羅し、消耗品不要の空気清浄機の使用の秘訣を簡単にマスターできます。,"Apolnus,One X,よくある質問,トラブルシューティング,フィルターの清掃,メンテナンス方法,使用ガイド",2025-11-24 22:02:19
30125,product-one-x-faq,ko,One X 제품 Q&A | 전문 사용 및 관리 가이드 | Apolnus®,"One X 사용자 전용 솔루션. 청소 및 유지보수, 문제 해결, 일상적인 작동 팁을 다루며, 무필터(무소모품) 공기청정기의 사용 비법을 쉽게 마스터할 수 있습니다.","Apolnus,One X,자주 묻는 질문,문제 해결,필터 청소,유지보수 지침,사용 설명서",2025-11-24 22:02:20
30126,product-one-x-faq,de,One X Produkt-FAQ | Professionelle Gebrauchs- und Wartungsanleitung | Apolnus®,"Exklusive Lösungen für One X Benutzer. Umfasst Reinigung und Wartung, Fehlerbehebung und Tipps zur täglichen Bedienung, damit Sie die Nutzungshinweise des filterlosen Luftreinigers mühelos beherrschen.","Apolnus,One X,Häufig gestellte Fragen,Fehlerbehebung,Filterreinigung,Wartungsanleitung,Benutzerhandbuch",2025-11-24 22:02:21
30127,product-one-x-faq,fr,FAQ Produit One X | Guide d'utilisation et d'entretien professionnel | Apolnus®,"Solutions exclusives pour les utilisateurs One X. Couvre le nettoyage et l'entretien, le dépannage et les astuces d'utilisation quotidienne, vous permettant de maîtriser facilement les secrets d'utilisation de votre purificateur sans consommables.","Apolnus,One X,Questions fréquentes,Dépannage,Nettoyage du filtre,Tutoriel d'entretien,Guide d'utilisation",2025-11-24 22:02:22
30128,where-to-buy,en,Purchase Channels | Official Online Store and Authorized Locations | Apolnus®,Inquire about the Apolnus official online store and global authorized dealer locations. Choose factory-certified channels to enjoy the most comprehensive warranty service and professional product consultation.,"Apolnus, Purchase Channels, Official Online Store, Authorized Dealers, Physical Stores, Where to Buy, Online Shopping",2025-11-24 22:02:42
30129,where-to-buy,zh-CN,购买渠道 | 官方商城与授权网点 | Apolnus®,查询 Apolnus 官方线上商城与全球授权经销据点。选择原厂认证通路，享受最完整的保修服务与专业产品咨询。,"Apolnus, 购买通路, 官方商城, 授权经销商, 实体门店, 哪里买, 线上购物",2025-11-24 22:02:43
30130,where-to-buy,ja,購入ルート | 公式オンラインストアと正規取扱店 | Apolnus®,Apolnus 公式オンラインストアおよび世界中の正規販売代理店を検索してください。メーカー認定のチャネルを選択することで、最も充実した保証サービスと専門的な製品コンサルティングをご利用いただけます。,"Apolnus, 購入ルート, 公式オンラインストア, 正規販売店, 実店舗, どこで買う, オンラインショッピング",2025-11-24 22:02:44
30131,where-to-buy,ko,구매 채널 | 공식 온라인 스토어 및 공인 판매점 | Apolnus®,Apolnus 공식 온라인 스토어 및 전 세계 공인 딜러 위치를 확인하십시오. 정품 인증 채널을 선택하여 가장 완벽한 보증 서비스와 전문적인 제품 상담을 받으십시오.,"Apolnus, 구매 채널, 공식 온라인 스토어, 공인 딜러, 오프라인 매장, 어디서 구매하나요, 온라인 쇼핑",2025-11-24 22:02:45
30132,where-to-buy,de,Vertriebswege | Offizieller Online-Shop und autorisierte Standorte | Apolnus®,"Suchen Sie nach dem offiziellen Apolnus Online-Shop und den globalen autorisierten Händlerstandorten. Wählen Sie vom Hersteller zertifizierte Vertriebswege, um den umfassendsten Garantieservice und professionelle Produktberatung zu erhalten.","Apolnus, Kaufkanäle, Offizieller Online-Shop, Autorisierte Händler, Physische Geschäfte, Wo kaufen, Online-Shopping",2025-11-24 22:02:47
30133,where-to-buy,fr,Canaux d'achat | Boutique en ligne officielle et points de vente agréés | Apolnus®,Consultez la boutique en ligne officielle Apolnus et les points de vente agréés mondiaux. Choisissez des canaux certifiés par le fabricant pour bénéficier du service de garantie le plus complet et de conseils professionnels sur les produits.,"Apolnus, Canaux d'achat, Boutique officielle en ligne, Revendeurs agréés, Magasins physiques, Où acheter, Achats en ligne",2025-11-24 22:02:48
30134,service-centers,en,Authorized Service Center | Original Factory Professional Technical Support | Apolnus®,"Find the nationwide Apolnus authorized service network. We offer original factory-standard inspection and maintenance services, ensuring your product receives the most professional care and long-lasting coverage.","Apolnus, Service Center, After-sales Service, Product Repair, Technical Support, Factory Inspection, Service Locations",2025-11-24 22:03:03
30135,service-centers,zh-CN,授权维修中心 | 原厂专业技术支持 | Apolnus®,查询全国 Apolnus 授权维修服务网络。我们提供原厂标准的检测与维护服务，确保您的产品获得最专业的照顾与长久保障。,"Apolnus, 维修中心, 售后服务, 产品维修, 技术支持, 原厂检测, 维修网点",2025-11-24 13:26:49
30136,service-centers,ja,公認サービスセンター | メーカー専門技術サポート | Apolnus®,Apolnus認定修理サービスネットワークを全国で検索。お客様の製品が最も専門的なケアと長期保証を受けられるよう、純正基準の点検およびメンテナンスサービスを提供します。,"Apolnus, 修理センター, アフターサービス, 製品修理, テクニカルサポート, メーカー検査, サービス拠点",2025-11-24 22:03:05
30137,service-centers,ko,공인 서비스 센터 | 제조사 전문 기술 지원 | Apolnus®,전국 Apolnus 공식 서비스 네트워크를 확인하세요. 당사는 귀하의 제품이 가장 전문적인 관리와 장기적인 보장을 받을 수 있도록 순정 공장 표준 검사 및 유지보수 서비스를 제공합니다.,"Apolnus, 서비스 센터, 애프터 서비스, 제품 수리, 기술 지원, 제조사 검사, 서비스 지점",2025-11-24 22:03:06
30138,service-centers,de,Autorisiertes Service-Center | Professioneller technischer Support vom Hersteller | Apolnus®,"Finden Sie das landesweite autorisierte Apolnus-Servicenetzwerk. Wir bieten Inspektions- und Wartungsdienste nach Originalwerksstandard, um sicherzustellen, dass Ihr Produkt die professionellste Betreuung und langfristigen Schutz erhält.","Apolnus, Service-Center, Kundendienst, Produktreparatur, Technischer Support, Werksinspektion, Servicestellen",2025-11-24 22:03:07
30139,service-centers,fr,Centre de service agréé | Support technique professionnel du fabricant | Apolnus®,"Consultez le réseau national de services agréés Apolnus. Nous proposons des services d'inspection et de maintenance conformes aux normes d'usine d'origine, assurant à votre produit les soins les plus professionnels et une garantie durable.","Apolnus, Centre de service, Service après-vente, Réparation de produits, Support technique, Inspection d'usine, Points de service",2025-11-24 22:03:08
30146,support-ticket,en,Submit Customer Service Ticket | Online Technical Support Request | Apolnus®,Having trouble? Please fill out the online service request form and describe your needs in detail. The Apolnus professional technical team will analyze it as soon as possible and provide you with a solution.,"Apolnus,Customer Service Ticket,Online Repair Request,Problem Report,Technical Inquiry,After-Sales Application",2025-11-24 22:03:24
30147,support-ticket,zh-CN,提交客服工单 | 线上技术支援申请 | Apolnus®,遇到问题？请填写在线工单，详细描述您的需求。Apolnus 专业技术团队将会尽快分析并为您提供解决方案。,"Apolnus,客服工单,在线报修,问题回报,技术咨询,售后申请",2025-11-24 22:03:25
30148,support-ticket,ja,カスタマーサービスチケットの提出 | オンライン技術サポート申請 | Apolnus®,問題が発生しましたか？オンラインのサービスリクエストにご記入いただき、ご要望を詳しくご説明ください。Apolnus 専門技術チームが迅速に分析し、解決策を提供いたします。,"Apolnus,カスタマーサービスチケット,オンライン修理依頼,問題報告,技術相談,アフターサービス申請",2025-11-24 22:03:26
30149,support-ticket,ko,고객 서비스 티켓 제출 | 온라인 기술 지원 신청 | Apolnus®,"문제가 있으신가요? 온라인 서비스 요청서를 작성하시고, 요구 사항을 자세히 설명해 주세요. Apolnus 전문 기술팀이 신속히 분석하여 해결책을 제공해 드릴 것입니다.","Apolnus,고객 서비스 티켓,온라인 수리 요청,문제 보고,기술 문의,애프터 서비스 신청",2025-11-24 22:03:27
30150,support-ticket,de,Kundendienst-Ticket einreichen | Online-Anfrage für technischen Support | Apolnus®,Haben Sie ein Problem? Bitte füllen Sie das Online-Serviceformular aus und beschreiben Sie Ihr Anliegen detailliert. Das professionelle technische Team von Apolnus wird es schnellstmöglich analysieren und Ihnen eine Lösung anbieten.,"Apolnus,Kundendienst-Ticket,Online-Reparaturanfrage,Problem melden,Technische Beratung,Kundendienstantrag",2025-11-24 22:03:29
30151,support-ticket,fr,Soumettre un ticket de service client | Demande d'assistance technique en ligne | Apolnus®,Vous rencontrez un problème ? Veuillez remplir le formulaire de demande de service en ligne et décrire vos besoins en détail. L'équipe technique professionnelle Apolnus l'analysera dans les plus brefs délais et vous fournira une solution.,"Apolnus,Billet de service client,Demande de réparation en ligne,Rapport de problème,Consultation technique,Demande de service après-vente",2025-11-24 22:03:30
30158,partner-program,en,Global Partner Program | Co-creating Business Value | Apolnus®,"Join the Apolnus global distribution system. We seek like-minded business partners to jointly promote forward-thinking smart appliance technology, creating limitless business opportunities and a future.","Apolnus, Partners, Distributor Application, Agent, Business Cooperation, B2B, Global Distribution",2025-11-24 22:03:43
30159,partner-program,zh-CN,全球合作伙伴计划 | 共创商业价值 | Apolnus®,加入 Apolnus 全球经销体系。我们寻求志同道合的企业伙伴，共同推广具备前瞻性的智能家电科技，开创无限商机与未来。,"Apolnus, 合作伙伴, 经销商申请, 代理商, 商业合作, B2B, 全球经销",2025-11-24 22:03:45
30160,partner-program,ja,グローバルパートナープログラム | 商業価値の共創 | Apolnus®,Apolnus グローバル販売システムにご参加ください。私たちは、先見性のあるスマート家電技術を共同で推進し、無限のビジネスチャンスと未来を切り開く、志を同じくするビジネスパートナーを求めています。,"Apolnus, パートナー, 販売店申請, 代理店, 商業協力, B2B, グローバル販売",2025-11-24 22:03:46
30161,partner-program,ko,글로벌 파트너 프로그램 | 비즈니스 가치 공동 창출 | Apolnus®,Apolnus 글로벌 유통 시스템에 참여하십시오. 우리는 미래 지향적인 스마트 가전 기술을 공동으로 홍보하고 무한한 사업 기회와 미래를 창출할 동종 업계의 비즈니스 파트너를 찾고 있습니다.,"Apolnus, 파트너, 대리점 신청, 에이전트, 비즈니스 협력, B2B, 글로벌 유통",2025-11-24 22:03:47
30162,partner-program,de,Globales Partnerprogramm | Gemeinsame Schaffung von Geschäftswert | Apolnus®,"Treten Sie dem globalen Vertriebssystem von Apolnus bei. Wir suchen gleichgesinnte Geschäftspartner, um gemeinsam zukunftsweisende Smart-Home-Technologien zu fördern und unbegrenzte Geschäftsmöglichkeiten und eine Zukunft zu erschließen.","Apolnus, Partner, Händlerantrag, Vertreter, Geschäftliche Zusammenarbeit, B2B, Globaler Vertrieb",2025-11-24 22:03:48
30163,partner-program,fr,Programme de Partenariat Mondial | Cocréation de Valeur Commerciale | Apolnus®,"Rejoignez le système de distribution mondial Apolnus. Nous recherchons des partenaires commerciaux partageant les mêmes idées pour promouvoir conjointement la technologie d'appareils intelligents avant-gardiste, créant des opportunités commerciales illimitées et un avenir.","Apolnus, Partenaires, Demande de distributeur, Agent, Coopération commerciale, B2B, Distribution mondiale",2025-11-24 22:03:49
30164,privacy-policy,en,Privacy Policy | Digital Privacy Protection Statement | Apolnus®,"Apolnus highly values your digital privacy. Learn how we collect, use, store, and protect your personal data with the highest security standards, allowing you to use our services with peace of mind.","Apolnus, Privacy Policy, Personal Data Protection, Data Security, Privacy Statement, User Rights",2025-11-24 13:26:55
30165,privacy-policy,zh-CN,隐私政策 | 数字隐私保护声明 | Apolnus®,Apolnus 高度重视您的数字隐私权。了解我们如何以最高安全标准收集、使用、存储与保护您的个人资料，让您安心使用我们的服务。,"Apolnus, 隐私政策, 个人信息保护, 数据安全, 隐私声明, 用户权益",2025-11-24 13:26:56
30166,privacy-policy,ja,プライバシーポリシー | デジタルプライバシー保護声明 | Apolnus®,Apolnus はお客様のデジタルプライバシーを最優先事項としています。最高のセキュリティ基準で個人データを収集、使用、保存、保護する方法をご確認いただき、安心して当社のサービスをご利用ください。,"Apolnus, プライバシーポリシー, 個人情報保護, データセキュリティ, プライバシーに関する声明, ユーザーの権利",2025-11-24 22:04:07
30167,privacy-policy,ko,개인정보 보호정책 | 디지털 개인정보 보호 성명 | Apolnus®,"Apolnus는 고객님의 디지털 개인 정보 보호를 매우 중요하게 생각합니다. 최고 수준의 보안 표준으로 고객님의 개인 데이터를 수집, 사용, 저장 및 보호하여 안심하고 서비스를 이용하실 수 있도록 하는 방법을 알아보십시오.","Apolnus, 개인정보 처리방침, 개인정보 보호, 데이터 보안, 개인정보 보호 선언, 사용자 권익",2025-11-24 22:04:08
30168,privacy-policy,de,Datenschutzrichtlinie | Erklärung zum Schutz der digitalen Privatsphäre | Apolnus®,"Apolnus legt größten Wert auf Ihre digitale Privatsphäre. Erfahren Sie, wie wir Ihre persönlichen Daten mit den höchsten Sicherheitsstandards erfassen, verwenden, speichern und schützen, damit Sie unsere Dienste sorgenfrei nutzen können.","Apolnus, Datenschutzrichtlinie, Schutz personenbezogener Daten, Datensicherheit, Datenschutzerklärung, Nutzerrechte",2025-11-24 22:04:10
30169,privacy-policy,fr,Politique de confidentialité | Déclaration de protection de la vie privée numérique | Apolnus®,"Apolnus accorde une importance capitale à votre confidentialité numérique. Découvrez comment nous collectons, utilisons, stockons et protégeons vos données personnelles selon les normes de sécurité les plus strictes, vous permettant d'utiliser nos services en toute sérénité.","Apolnus, Politique de confidentialité, Protection des données personnelles, Sécurité des données, Déclaration de confidentialité, Droits de l'utilisateur",2025-11-24 22:04:11
30170,terms-of-use,en,Terms of Use | Official Digital Service Agreement | Apolnus®,"Carefully review the Apolnus official website Terms of Use and Service Agreement. Understand your rights and obligations when using this website and related digital services, ensuring the interests of both parties.","Apolnus, Terms of Use, Service Agreement, Legal Notice, Website Guidelines, User Terms",2025-11-24 22:04:25
30171,terms-of-use,zh-CN,使用条款 | 官方数字服务协议 | Apolnus®,仔细阅读 Apolnus 官方网站使用条款与服务协议。了解您在使用本网站及相关数字服务时的权利与义务，确保双方权益。,"Apolnus, 使用条款, 服务协议, 法律声明, 网站规范, 用户条款",2025-11-24 22:04:26
30172,terms-of-use,ja,利用規約 | 公式デジタルサービス規約 | Apolnus®,Apolnus 公式ウェブサイトの利用規約およびサービス契約をよくお読みください。本ウェブサイトおよび関連するデジタルサービスをご利用になる際の皆様の権利と義務を理解し、双方の利益を確保してください。,"Apolnus, 利用規約, サービス規約, 法的通知, ウェブサイトガイドライン, ユーザー規約",2025-11-24 22:04:27
30173,terms-of-use,ko,이용 약관 | 공식 디지털 서비스 계약 | Apolnus®,Apolnus 공식 웹사이트 이용 약관 및 서비스 계약을 자세히 검토하십시오. 본 웹사이트 및 관련 디지털 서비스를 이용할 때 귀하의 권리와 의무를 이해하고 양 당사자의 이익을 보장하십시오.,"Apolnus, 이용 약관, 서비스 계약, 법적 고지, 웹사이트 규정, 사용자 약관",2025-11-24 22:04:28
30174,terms-of-use,de,Nutzungsbedingungen | Offizielle Vereinbarung über digitale Dienste | Apolnus®,"Lesen Sie die Nutzungsbedingungen und die Servicevereinbarung der offiziellen Apolnus-Website sorgfältig durch. Verstehen Sie Ihre Rechte und Pflichten bei der Nutzung dieser Website und der zugehörigen digitalen Dienste, um die Interessen beider Parteien zu wahren.","Apolnus, Nutzungsbedingungen, Dienstleistungsvereinbarung, Rechtliche Hinweise, Website-Richtlinien, Benutzerbedingungen",2025-11-24 22:04:29
30175,terms-of-use,fr,Conditions d'utilisation | Accord officiel de service numérique | Apolnus®,"Veuillez lire attentivement les Conditions d'utilisation et l'Accord de service du site officiel d'Apolnus. Comprenez vos droits et obligations lors de l'utilisation de ce site Web et des services numériques associés, afin de garantir les intérêts des deux parties.","Apolnus, Conditions d'utilisation, Contrat de service, Mentions légales, Directives du site web, Conditions d'utilisateur",2025-11-24 22:04:30
60006,products/ultra-s7,zh-TW,Apolnus Ultra S7 | 高效能空氣清淨解決方案 | Apolnus®,"Ultra S7 結合先進淨化技術與精緻工藝,為您打造純淨健康的室內環境。Apolnus 專業空氣清淨機,重新定義空氣品質的標準。","Ultra S7,Apolnus,空氣清淨機,空氣淨化,室內空氣品質",2025-11-24 21:22:02
60007,products/ultra-s7/specs,zh-TW,Ultra S7 技術規格 | 詳細效能參數 | Apolnus®,"查看 Ultra S7 完整技術規格,包含淨化效能、適用坪數、運轉音量、功率規格等詳細參數。專業數據,透明呈現。","Ultra S7,技術規格,產品參數,效能數據,Apolnus",2025-11-24 21:22:02
60008,products/ultra-s7/downloads,zh-TW,Ultra S7 下載中心 | 使用手冊與韌體更新 | Apolnus®,"下載 Ultra S7 使用手冊、快速入門指南、產品規格書及最新韌體更新。完整資源,隨時取用。","Ultra S7,使用手冊,下載,韌體更新,產品資料,Apolnus",2025-11-24 21:22:03
60009,products/ultra-s7/faq,zh-TW,Ultra S7 常見問題 | 使用與保養指南 | Apolnus®,"Ultra S7 常見問題解答,涵蓋產品使用、維護保養、故障排除等實用資訊。專業解答,快速找到答案。","Ultra S7,常見問題,FAQ,使用指南,保養,Apolnus",2025-11-24 21:22:03
60022,products/ultra-s7,en,Apolnus Ultra S7 | High-Efficiency Air Purification Solution | Apolnus®,The Ultra S7 combines advanced purification technology and exquisite craftsmanship to create a pure and healthy indoor environment for you. Apolnus professional air purifiers redefine the standard of air quality.,"Ultra S7,Apolnus,Air Purifier,Air Purification,Indoor Air Quality",2025-11-24 22:04:46
60023,products/ultra-s7,zh-CN,Apolnus Ultra S7 | 高效能空气净化解决方案 | Apolnus®,"Ultra S7 结合先进净化技术与精致工艺,为您打造纯净健康的室内环境。Apolnus 专业空气净化器,重新定义空气品质的标准。","Ultra S7,Apolnus,空气净化器,空气净化,室内空气质量",2025-11-24 22:04:47
60024,products/ultra-s7,ja,Apolnus Ultra S7 | 高性能空気清浄ソリューション | Apolnus®,Ultra S7は、高度な浄化技術と精巧な職人技を組み合わせ、純粋で健康的な室内環境を実現します。Apolnusのプロフェッショナルな空気清浄機は、空気の質の基準を再定義します。,"Ultra S7,Apolnus,空気清浄機,空気浄化,室内空気品質",2025-11-24 21:56:21
60025,products/ultra-s7,ko,Apolnus Ultra S7 | 고효율 공기 청정 솔루션 | Apolnus®,Ultra S7은 첨단 정화 기술과 정교한 장인 정신을 결합하여 순수하고 건강한 실내 환경을 조성합니다. Apolnus 전문가용 공기청정기는 공기 품질의 기준을 재정의합니다.,"Ultra S7,Apolnus,공기청정기,공기 정화,실내 공기 품질",2025-11-24 22:04:49
60026,products/ultra-s7,de,Apolnus Ultra S7 | Hocheffiziente Luftreinigungslösung | Apolnus®,"Der Ultra S7 kombiniert fortschrittliche Reinigungstechnologie mit exquisiter Handwerkskunst, um eine reine und gesunde Innenraumumgebung für Sie zu schaffen. Apolnus professionelle Luftreiniger definieren den Standard der Luftqualität neu.","Ultra S7,Apolnus,Luftreiniger,Luftreinigung,Raumluftqualität",2025-11-24 22:04:50
60027,products/ultra-s7,fr,Apolnus Ultra S7 | Solution de purification d'air haute performance | Apolnus®,L'Ultra S7 combine une technologie de purification avancée et un savoir-faire exquis pour créer un environnement intérieur pur et sain pour vous. Les purificateurs d'air professionnels Apolnus redéfinissent la norme de la qualité de l'air.,"Ultra S7,Apolnus,Purificateur d'air,Purification de l'air,Qualité de l'air intérieur",2025-11-24 22:04:51
60028,products/ultra-s7/specs,en,Ultra S7 Technical Specifications | Detailed Performance Parameters | Apolnus®,"View the complete technical specifications for the Ultra S7, including detailed parameters such as purification performance, applicable area, operating noise level, and power specifications. Professional data, transparently presented.","Ultra S7,Technical Specifications,Product Parameters,Performance Data,Apolnus",2025-11-24 22:05:06
60029,products/ultra-s7/specs,zh-CN,Ultra S7 技术规格 | 详细性能参数 | Apolnus®,查看 Ultra S7 完整技术规格，包含净化效能、适用面积、运转音量、功率规格等详细参数。专业数据，透明呈现。,"Ultra S7,技术规格,产品参数,性能数据,Apolnus",2025-11-24 22:05:07
60030,products/ultra-s7/specs,ja,Ultra S7 技術仕様 | 詳細性能パラメータ | Apolnus®,Ultra S7 の完全な技術仕様を確認する。浄化性能、適用面積、運転音量、電力仕様などの詳細なパラメーターが含まれています。専門的なデータを透明に提示します。,"Ultra S7,技術仕様,製品パラメーター,性能データ,Apolnus",2025-11-24 22:05:08
60031,products/ultra-s7/specs,ko,Ultra S7 기술 사양 | 상세 성능 매개변수 | Apolnus®,"Ultra S7의 전체 기술 사양을 확인하세요. 정화 성능, 적용 면적, 작동 소음 수준 및 전력 사양과 같은 상세 매개변수가 포함되어 있습니다. 전문적인 데이터를 투명하게 제시합니다.","Ultra S7,기술 사양,제품 매개변수,성능 데이터,Apolnus",2025-11-24 22:05:09
60032,products/ultra-s7/specs,de,Ultra S7 Technische Daten | Detaillierte Leistungsparameter | Apolnus®,"Sehen Sie sich die vollständigen technischen Daten des Ultra S7 an, einschließlich detaillierter Parameter wie Reinigungsleistung, anwendbare Fläche, Betriebsgeräuschpegel und Leistungsspezifikationen. Professionelle Daten, transparent dargestellt.","Ultra S7,Technische Daten,Produktparameter,Leistungsdaten,Apolnus",2025-11-24 22:05:10
60033,products/ultra-s7/specs,fr,Ultra S7 Spécifications techniques | Paramètres de performance détaillés | Apolnus®,"Consultez les spécifications techniques complètes de l'Ultra S7, y compris les paramètres détaillés tels que la performance de purification, la surface applicable, le volume sonore de fonctionnement et les spécifications de puissance. Données professionnelles, présentées de manière transparente.","Ultra S7,Spécifications techniques,Paramètres du produit,Données de performance,Apolnus",2025-11-24 22:05:11
60034,products/ultra-s7/downloads,en,Ultra S7 Download Center | User Manuals and Firmware Updates | Apolnus®,"Download the Ultra S7 User Manual, Quick Start Guide, Product Specification Sheet, and latest firmware updates. Complete resources, available anytime.","Ultra S7,User Manual,Download,Firmware Update,Product Information,Apolnus",2025-11-24 22:05:29
60035,products/ultra-s7/downloads,zh-CN,Ultra S7 下载中心 | 使用手册与固件更新 | Apolnus®,下载 Ultra S7 使用手册、快速入门指南、产品规格书及最新固件更新。完整资源，随时取用。,"Ultra S7,使用手册,下载,固件更新,产品资料,Apolnus",2025-11-24 22:05:30
60036,products/ultra-s7/downloads,ja,Ultra S7 ダウンロードセンター | ユーザーマニュアルおよびファームウェアアップデート | Apolnus®,Ultra S7 ユーザーマニュアル、クイックスタートガイド、製品仕様書、最新ファームウェアアップデートをダウンロード。すべてのリソースにいつでもアクセスできます。,"Ultra S7,ユーザーマニュアル,ダウンロード,ファームウェア更新,製品情報,Apolnus",2025-11-24 22:05:31
60037,products/ultra-s7/downloads,ko,Ultra S7 다운로드 센터 | 사용 설명서 및 펌웨어 업데이트 | Apolnus®,"Ultra S7 사용 설명서, 빠른 시작 가이드, 제품 사양서 및 최신 펌웨어 업데이트를 다운로드하십시오. 모든 리소스를 언제든지 이용할 수 있습니다.","Ultra S7,사용 설명서,다운로드,펌웨어 업데이트,제품 정보,Apolnus",2025-11-24 22:05:32
60038,products/ultra-s7/downloads,de,Ultra S7 Download-Center | Benutzerhandbücher und Firmware-Updates | Apolnus®,"Laden Sie das Ultra S7 Benutzerhandbuch, die Kurzanleitung, die Produktspezifikationen und die neuesten Firmware-Updates herunter. Vollständige Ressourcen, jederzeit verfügbar.","Ultra S7,Benutzerhandbuch,Herunterladen,Firmware-Update,Produktinformationen,Apolnus",2025-11-24 22:05:33
60039,products/ultra-s7/downloads,fr,Ultra S7 Centre de téléchargement | Manuels d'utilisation et Mises à jour du micrologiciel | Apolnus®,"Téléchargez le manuel d'utilisation Ultra S7, le guide de démarrage rapide, la fiche technique du produit et les dernières mises à jour du micrologiciel. Ressources complètes, disponibles à tout moment.","Ultra S7,Manuel d'utilisation,Télécharger,Mise à jour du micrologiciel,Informations sur le produit,Apolnus",2025-11-24 22:05:34
60040,products/ultra-s7/faq,en,Ultra S7 FAQ | Use and Care Guide | Apolnus®,"Ultra S7 FAQ, covering practical information such as product usage, maintenance, and troubleshooting. Professional answers, find solutions quickly.","Ultra S7, Common Questions, FAQ, User Guide, Maintenance, Apolnus",2025-11-24 22:05:47
60041,products/ultra-s7/faq,zh-CN,Ultra S7 常见问题 | 使用与保养指南 | Apolnus®,"Ultra S7 常见问题解答,涵盖产品使用、维护保养、故障排除等实用信息。专业解答,快速找到答案。","Ultra S7, 常见问题, FAQ, 使用指南, 保养, Apolnus",2025-11-24 22:05:48
60042,products/ultra-s7/faq,ja,Ultra S7 よくある質問 | 使用とお手入れガイド | Apolnus®,Ultra S7 よくある質問。製品の使用方法、メンテナンス、トラブルシューティングなどの実用的な情報を網羅しています。専門的な回答で、すぐに答えが見つかります。,"Ultra S7, よくある質問, FAQ, 使用ガイド, お手入れ, Apolnus",2025-11-24 22:05:49
60043,products/ultra-s7/faq,ko,Ultra S7 자주 묻는 질문 | 사용 및 관리 가이드 | Apolnus®,"Ultra S7 자주 묻는 질문(FAQ). 제품 사용, 유지 보수, 문제 해결 등 실용적인 정보를 다룹니다. 전문적인 답변으로, 빠르게 정답을 찾으세요.","Ultra S7, 자주 묻는 질문, FAQ, 사용 안내, 관리, Apolnus",2025-11-24 22:05:50
60044,products/ultra-s7/faq,de,Ultra S7 Häufig gestellte Fragen (FAQ) | Gebrauchs- und Pflegeanleitung | Apolnus®,"Ultra S7 FAQ (Häufig gestellte Fragen). Enthält praktische Informationen zu Produktnutzung, Wartung und Fehlerbehebung. Professionelle Antworten, schnelle Lösungsfindung.","Ultra S7, Häufige Fragen, FAQ, Benutzerhandbuch, Wartung, Apolnus",2025-11-24 22:05:51
60045,products/ultra-s7/faq,fr,FAQ Ultra S7 | Guide d'utilisation et d'entretien | Apolnus®,"FAQ Ultra S7, couvrant des informations pratiques telles que l'utilisation du produit, l'entretien et le dépannage. Réponses professionnelles, trouvez rapidement la solution.","Ultra S7, Questions fréquentes, FAQ, Guide d'utilisation, Entretien, Apolnus",2025-11-24 22:05:53
